{
  "final_cfg": {
    "ema7_3": 0.1,
    "ema7_4": 0.2,
    "repeat": 0.7
  },
  "cfg_str": "ema7_3*0.1+ema7_4*0.2+repeat*0.7",
  "full": 79.73856209150327,
  "2025": 79.93527508090615,
  "2026": 80.0,
  "original_full": 79.34426229508198,
  "original_2025": 79.6116504854369,
  "original_2026": 83.60655737704919,
  "improvement": 0.39429979642129354
}