{
  "final_cfg": {
    "cold7": 1.0,
    "ema8": 1.0
  },
  "cfg_str": "cold7*1.0+ema8*1.0",
  "full": 82.10862619808307,
  "2025": 82.38993710691824,
  "2026": 80.95238095238095,
  "original": {
    "ema8": 0.5,
    "miss13": 1.0,
    "f7": 1.0,
    "rg5": 1.0
  },
  "original_full": 78.80794701986756,
  "original_2025": 79.01639344262294,
  "original_2026": 77.41935483870968,
  "improvement": 3.3006791782155176,
  "single_top10": [
    [
      "ema8",
      78.80794701986756
    ],
    [
      "f7",
      78.80794701986756
    ],
    [
      "f8",
      78.80794701986756
    ],
    [
      "rg7",
      78.80794701986756
    ],
    [
      "rg8",
      78.80794701986756
    ],
    [
      "ema3",
      78.18791946308725
    ],
    [
      "f3",
      78.18791946308725
    ],
    [
      "f4",
      78.18791946308725
    ],
    [
      "rg3",
      78.18791946308725
    ],
    [
      "rg4",
      78.18791946308725
    ]
  ],
  "pair_top5": [
    [
      "cold7*1.0+ema8*1.0",
      82.10862619808307
    ],
    [
      "f25*1.0+max_streak*1.0",
      80.19801980198021
    ],
    [
      "f25*0.5+max_streak*1.0",
      79.93421052631578
    ],
    [
      "ema15*1.0+max_streak*1.0",
      79.87012987012987
    ],
    [
      "f20*1.0+max_streak*0.5",
      79.60526315789474
    ]
  ],
  "triple_top5": [
    [
      "ema8*1.0+cold7*1.0+ema3*0.5",
      81.75895765472313
    ],
    [
      "ema8*1.0+cold7*1.0+ema3*1.0",
      81.75895765472313
    ],
    [
      "ema8*1.0+cold7*1.0+f3*0.5",
      81.75895765472313
    ],
    [
      "ema8*1.0+cold7*1.0+f3*1.0",
      81.75895765472313
    ],
    [
      "ema8*1.0+cold7*1.0+f4*0.5",
      81.75895765472313
    ]
  ]
}