{
  "version": "v2_deep",
  "best_cfg": {
    "ema8_a4": 0.6,
    "cold7": 0.6
  },
  "best_str": "ema8_a4*0.6+cold7*0.6",
  "wf": 82.10862619808307,
  "r25": 82.10862619808307,
  "r26": 82.38993710691824,
  "mc": 82.42138364779875,
  "rob": 84.4482347471551,
  "vs": 3.3006791782155176,
  "orig": {
    "ema8": 0.5,
    "miss13": 1.0,
    "f7": 1.0,
    "rg5": 1.0
  },
  "orig_wf": 78.80794701986756,
  "single_top15": [
    [
      "ema7",
      78.80794701986756
    ],
    [
      "ema8",
      78.80794701986756
    ],
    [
      "ema8_a3",
      78.80794701986756
    ],
    [
      "ema8_a4",
      78.80794701986756
    ],
    [
      "f7",
      78.80794701986756
    ],
    [
      "f8",
      78.80794701986756
    ],
    [
      "rg7",
      78.80794701986756
    ],
    [
      "rg8",
      78.80794701986756
    ],
    [
      "ema_ema",
      78.80794701986756
    ],
    [
      "freq_miss",
      78.80794701986756
    ],
    [
      "ema_rev",
      78.80794701986756
    ],
    [
      "rev11",
      78.43137254901961
    ],
    [
      "ema3",
      78.18791946308725
    ],
    [
      "ema4",
      78.18791946308725
    ],
    [
      "f2",
      78.18791946308725
    ]
  ],
  "pair_top10": [
    [
      "ema8_a4*0.5+cold7*0.5",
      82.16560509554141
    ],
    [
      "ema8_a4*1.0+cold7*1.0",
      82.16560509554141
    ],
    [
      "ema8_a4*1.5+cold7*1.5",
      82.16560509554141
    ],
    [
      "ema8*0.5+cold7*0.5",
      82.10862619808307
    ],
    [
      "ema8*1.0+cold7*1.0",
      82.10862619808307
    ],
    [
      "ema8*1.5+cold7*1.5",
      82.10862619808307
    ],
    [
      "ema8_a3*0.3+cold7*0.3",
      82.10862619808307
    ],
    [
      "ema8_a3*0.5+cold7*0.5",
      82.10862619808307
    ],
    [
      "ema8_a3*1.0+cold7*1.0",
      82.10862619808307
    ],
    [
      "ema8_a3*1.5+cold7*1.5",
      82.10862619808307
    ]
  ],
  "triple_top10": [
    [
      "ema8_a4*0.35+cold7*0.35+f2*0.09",
      81.78913738019169
    ],
    [
      "ema8_a4*0.35+cold7*0.35+f2*0.15",
      81.78913738019169
    ],
    [
      "ema8_a4*0.35+cold7*0.35+f2*0.3",
      81.78913738019169
    ],
    [
      "ema8_a4*0.35+cold7*0.35+f2*0.09",
      81.78913738019169
    ],
    [
      "ema8_a4*0.35+cold7*0.35+f2*0.15",
      81.78913738019169
    ],
    [
      "ema8_a4*0.35+cold7*0.35+f2*0.3",
      81.78913738019169
    ],
    [
      "ema8_a4*0.35+cold7*0.35+f2*0.09",
      81.78913738019169
    ],
    [
      "ema8_a4*0.35+cold7*0.35+f2*0.15",
      81.78913738019169
    ],
    [
      "ema8_a4*0.35+cold7*0.35+f2*0.3",
      81.78913738019169
    ],
    [
      "ema8*0.35+cold7*0.35+f2*0.09",
      81.78913738019169
    ]
  ],
  "quad_top5": [
    [
      "ema8_a4*0.28823529411764703+cold7*0.28823529411764703+f2*0.12352941176470589+miss2*0.09",
      82.16560509554141
    ],
    [
      "ema8_a4*0.310126582278481+cold7*0.310126582278481+f2*0.07974683544303798+ema3*0.09",
      81.75895765472313
    ],
    [
      "ema8_a4*0.310126582278481+cold7*0.310126582278481+f2*0.07974683544303798+ema3*0.15",
      81.75895765472313
    ],
    [
      "ema8_a4*0.310126582278481+cold7*0.310126582278481+f2*0.07974683544303798+ema3*0.3",
      81.75895765472313
    ],
    [
      "ema8_a4*0.310126582278481+cold7*0.310126582278481+f2*0.07974683544303798+ema4*0.09",
      81.75895765472313
    ]
  ],
  "penta_top5": [
    [
      "ema8_a4*0.25539836187639614+cold7*0.25539836187639614+f2*0.10945644080416977+miss2*0.07974683544303798+rev11*0.15",
      79.47882736156352
    ],
    [
      "ema8_a4*0.25539836187639614+cold7*0.25539836187639614+f2*0.10945644080416977+miss2*0.07974683544303798+rev11*0.3",
      79.47882736156352
    ],
    [
      "ema8_a4*0.25539836187639614+cold7*0.25539836187639614+f2*0.10945644080416977+miss2*0.07974683544303798+ema5*0.09",
      79.47019867549669
    ],
    [
      "ema8_a4*0.25539836187639614+cold7*0.25539836187639614+f2*0.10945644080416977+miss2*0.07974683544303798+ema5*0.15",
      79.47019867549669
    ],
    [
      "ema8_a4*0.25539836187639614+cold7*0.25539836187639614+f2*0.10945644080416977+miss2*0.07974683544303798+ema5*0.3",
      79.47019867549669
    ]
  ],
  "fine_top10": [
    [
      "ema8_a4*0.6+cold7*0.6",
      82.10862619808307,
      84.4482347471551
    ],
    [
      "ema8_a4*0.2+cold7*0.2",
      82.16560509554141,
      84.39550502301347
    ],
    [
      "ema8_a4*1.0+cold7*1.0",
      82.16560509554141,
      84.37663709848518
    ],
    [
      "ema8_a4*1.0+cold7*1.0",
      82.16560509554141,
      84.37663709848518
    ],
    [
      "ema8_a4*1.0+cold7*1.0",
      82.16560509554141,
      84.37663709848518
    ],
    [
      "ema8_a4*0.8+cold7*0.8",
      82.16560509554141,
      84.37349244439713
    ],
    [
      "ema8_a4*1.5+cold7*1.5",
      82.16560509554141,
      84.36405848213298
    ],
    [
      "ema8_a4*2.0+cold7*2.0",
      82.16560509554141,
      84.35462451986882
    ],
    [
      "ema8_a4*0.2+cold7*0.2",
      82.16560509554141,
      84.35147986578077
    ],
    [
      "ema8_a4*0.4+cold7*0.4",
      82.16560509554141,
      84.35147986578077
    ]
  ],
  "final_top5": [
    {
      "cfg": "ema8_a4*0.6+cold7*0.6",
      "wf": 82.10862619808307,
      "r25": 82.10862619808307,
      "r26": 82.38993710691824,
      "mc": 82.42138364779875,
      "rob": 84.4482347471551,
      "vs": 3.3006791782155176
    },
    {
      "cfg": "ema8_a4*0.2+cold7*0.2",
      "wf": 82.16560509554141,
      "r25": 82.16560509554141,
      "r26": 82.44514106583071,
      "mc": 82.19077568134172,
      "rob": 84.39550502301347,
      "vs": 3.3576580756738537
    },
    {
      "cfg": "ema8_a4*1.0+cold7*1.0",
      "wf": 82.16560509554141,
      "r25": 82.16560509554141,
      "r26": 82.44514106583071,
      "mc": 82.12788259958072,
      "rob": 84.37663709848518,
      "vs": 3.3576580756738537
    },
    {
      "cfg": "ema8_a4*1.0+cold7*1.0",
      "wf": 82.16560509554141,
      "r25": 82.16560509554141,
      "r26": 82.44514106583071,
      "mc": 82.12788259958072,
      "rob": 84.37663709848518,
      "vs": 3.3576580756738537
    },
    {
      "cfg": "ema8_a4*1.0+cold7*1.0",
      "wf": 82.16560509554141,
      "r25": 82.16560509554141,
      "r26": 82.44514106583071,
      "mc": 82.12788259958072,
      "rob": 84.37663709848518,
      "vs": 3.3576580756738537
    }
  ]
}