{
  "version": "v3.3_percentile",
  "best_cfg": {
    "gap_mean": 2.0,
    "f25": 2.0,
    "ema5": 0.3
  },
  "best_str": "gap_mean*2.0+f25*2.0+ema5*0.3",
  "wf": 82.29508196721311,
  "y25": 82.29508196721311,
  "y26": 86.20689655172413,
  "last50": 87.87878787878788,
  "roll_mean": 82.51119531340225,
  "roll_std": 2.146839876269919,
  "robust_score": 0.7253396264086847,
  "random_single": 50.17,
  "random_two_period": 75.17,
  "norm": "percentile",
  "total": 477,
  "single_top15": [
    [
      "ema7",
      78.54785478547855
    ],
    [
      "f7",
      78.54785478547855
    ],
    [
      "ema3",
      78.26086956521739
    ],
    [
      "f3",
      78.26086956521739
    ],
    [
      "ema8",
      78.07308970099668
    ],
    [
      "rev15",
      78.07308970099668
    ],
    [
      "ema5",
      77.81456953642383
    ],
    [
      "f5",
      77.81456953642383
    ],
    [
      "rev13",
      77.19869706840392
    ],
    [
      "gap_mean",
      77.02265372168284
    ],
    [
      "maxgap5",
      77.02265372168284
    ],
    [
      "ema10",
      76.92307692307693
    ],
    [
      "ema15",
      76.92307692307693
    ],
    [
      "ema20",
      76.51006711409396
    ],
    [
      "rev5",
      76.45051194539249
    ]
  ]
}