{
  "mean": 0.49991678160919545,
  "median": 0.5,
  "std": 0.013238812722203072,
  "p5": 0.4781609195402299,
  "p95": 0.5218390804597701,
  "n_zodiacs": 12
}