{
  "n_experiments": 10000,
  "n_periods": 870,
  "mean": 0.46218804597701146,
  "median": 0.46206896551724136,
  "std": 0.016277358324626057,
  "p5": 0.435632183908046,
  "p95": 0.4885057471264368,
  "min": 0.3896551724137931,
  "max": 0.5287356321839081,
  "distribution": "skewed"
}